{"items":{"serializeList":[{"name":"hay","nr":214126.0},{"name":"wood","nr":235561.0},{"name":"carrot","nr":54877.0},{"name":"pumpkin","nr":28662.0},{"name":"cactus","nr":792720.0},{"name":"water","nr":54957.0},{"name":"fertilizer","nr":16284.0}]},"dockedFiles":[{"key":"HARDreset","value":"simpleHarv"},{"key":"harvestAll","value":"simpleLoop"},{"key":"resetPos","value":"waterLoop"},{"key":"simpleHarv","value":"harvestAll"},{"key":"simpleLoop","value":"modf"},{"key":"waterLoop","value":"HARDreset"}],"minimizedFiles":["HARDreset","harvestAll","modf","resetPos","simpleHarv","waterLoop"],"openFilePositions":[{"key":"HARDreset","value":{"x":2000.0,"y":1603.3272705078125}},{"key":"harvestAll","value":{"x":2000.0,"y":1603.3272705078125}},{"key":"modf","value":{"x":2438.094970703125,"y":1716.192138671875}},{"key":"resetPos","value":{"x":2000.0,"y":1603.3272705078125}},{"key":"simpleHarv","value":{"x":2000.0,"y":1603.3272705078125}},{"key":"simpleLoop","value":{"x":2000.0,"y":1603.3272705078125}},{"key":"waterLoop","value":{"x":2000.0,"y":1603.3272705078125}},{"key":"f0","value":{"x":2559.78564453125,"y":853.7255249023438}},{"key":"f1","value":{"x":3100.334228515625,"y":1026.235595703125}}],"openFileScrollPositions":[{"key":"HARDreset","value":0.0},{"key":"harvestAll","value":0.0},{"key":"modf","value":817.0892333984375},{"key":"resetPos","value":0.0399017333984375},{"key":"simpleHarv","value":0.0},{"key":"simpleLoop","value":-0.0008544921875},{"key":"waterLoop","value":-100.0},{"key":"f0","value":0.0},{"key":"f1","value":0.0}],"openFileSizes":[{"key":"HARDreset","value":{"x":0.0,"y":0.0}},{"key":"harvestAll","value":{"x":0.0,"y":0.0}},{"key":"modf","value":{"x":0.0,"y":1213.23291015625}},{"key":"resetPos","value":{"x":0.0,"y":0.0}},{"key":"simpleHarv","value":{"x":0.0,"y":0.0}},{"key":"simpleLoop","value":{"x":851.4497680664063,"y":468.34521484375}},{"key":"waterLoop","value":{"x":0.0,"y":0.0}},{"key":"f0","value":{"x":0.0,"y":0.0}},{"key":"f1","value":{"x":0.0,"y":0.0}}],"openDocPages":[],"unlocks":["grass_7","soil","harvest","pass","do_a_flip","pet_the_piggy","grassland","hay","straw_hat","traffic_cone","while","true","false","break","continue","loops","speed_5","can_harvest","if","else","elif","change_hat","gray_hat","purple_hat","green_hat","brown_hat","hats","expand_7","move","north","south","east","west","for","range","get_world_size","wood","bush","entities","clear","plant","and","or","not","operators","carrots_6","carrot","till","can_trade","trade","items","carrot_seed","get_entity_type","get_ground_type","grounds","get_pos_x","get_pos_y","none","num_items","num_unlocked","senses","variables","functions","def","return","global","from","import","print","quick_print","unlocks","str","debug","trees_6","tree","tree_hat","watering_7","water","use_item","get_water","pumpkins_4","pumpkin","pumpkin_seed","dead_pumpkin","carrot_hat","append","remove","pop","insert","len","list","lists","fertilizer_4","weird_substance","pumpkin_hat","sunflower_seed","sunflower","power","get_active_power","measure","sunflowers","get_time","get_tick_count","timing","min","max","abs","random","utilities","dicts","sets","add","dict","set","dictionaries","get_cost","costs","unlock","auto_unlock","get_companion","polyculture","cactus_3","swap","cactus_seed","cactus_hat","dinosaurs_4","dinosaur","egg","bone","dinosaur_hat","apple","can_move"],"version":3}