{"items":{"serializeList":[]},"dockedFiles":[],"minimizedFiles":[],"openFilePositions":[{"key":"main","value":{"x":197.75,"y":-147.75}},{"key":"docs0","value":{"x":-849.9998779296875,"y":340.00048828125}}],"openFileScrollPositions":[{"key":"main","value":0.0}],"openFileSizes":[{"key":"main","value":{"x":0.0,"y":0.0}},{"key":"docs0","value":{"x":900.0,"y":700.0}}],"openDocPages":[{"key":"docs0","value":"docs/first_program.md"}],"unlocks":["grass","soil","harvest","pass","do_a_flip","pet_the_piggy","grassland","hay","straw_hat"],"version":3}