{"items":{"serializeList":[{"name":"hay","nr":105838.0},{"name":"wood","nr":227857.0},{"name":"carrot","nr":38005.0},{"name":"pumpkin","nr":116918.0},{"name":"cactus","nr":137360.0},{"name":"water","nr":39139.0},{"name":"fertilizer","nr":12914.0}]},"dockedFiles":[{"key":"HARDreset","value":"simpleHarv"},{"key":"harvestAll","value":"simpleLoop"},{"key":"resetPos","value":"waterLoop"},{"key":"simpleHarv","value":"harvestAll"},{"key":"simpleLoop","value":"modf"},{"key":"waterLoop","value":"HARDreset"}],"minimizedFiles":["HARDreset","harvestAll","modf","resetPos","simpleHarv","simpleLoop","waterLoop"],"openFilePositions":[{"key":"HARDreset","value":{"x":1580.5791015625,"y":1805.0}},{"key":"harvestAll","value":{"x":1580.5791015625,"y":1805.0}},{"key":"modf","value":{"x":2438.096435546875,"y":1716.1903076171875}},{"key":"resetPos","value":{"x":1580.5791015625,"y":1805.0}},{"key":"simpleHarv","value":{"x":1580.5791015625,"y":1805.0}},{"key":"simpleLoop","value":{"x":1580.5791015625,"y":1805.0}},{"key":"waterLoop","value":{"x":1580.5791015625,"y":1805.0}},{"key":"docs0","value":{"x":-838.841064453125,"y":1355.3975830078125}}],"openFileScrollPositions":[{"key":"HARDreset","value":0.0},{"key":"harvestAll","value":0.0},{"key":"modf","value":2550.0},{"key":"resetPos","value":50.0},{"key":"simpleHarv","value":0.0},{"key":"simpleLoop","value":0.0},{"key":"waterLoop","value":-100.0}],"openFileSizes":[{"key":"HARDreset","value":{"x":0.0,"y":0.0}},{"key":"harvestAll","value":{"x":0.0,"y":0.0}},{"key":"modf","value":{"x":0.0,"y":1213.23291015625}},{"key":"resetPos","value":{"x":0.0,"y":0.0}},{"key":"simpleHarv","value":{"x":0.0,"y":0.0}},{"key":"simpleLoop","value":{"x":851.4497680664063,"y":468.34521484375}},{"key":"waterLoop","value":{"x":0.0,"y":0.0}},{"key":"docs0","value":{"x":900.0,"y":700.0}}],"openDocPages":[{"key":"docs0","value":"docs/unlocks/dinosaurs.md"}],"unlocks":["grass_6","soil","harvest","pass","do_a_flip","pet_the_piggy","grassland","hay","straw_hat","traffic_cone","while","true","false","break","continue","loops","speed_5","can_harvest","if","else","elif","change_hat","gray_hat","purple_hat","green_hat","brown_hat","hats","expand_7","move","north","south","east","west","for","range","get_world_size","wood","bush","entities","clear","plant","and","or","not","operators","carrots_6","carrot","till","can_trade","trade","items","carrot_seed","get_entity_type","get_ground_type","grounds","get_pos_x","get_pos_y","none","num_items","num_unlocked","senses","variables","functions","def","return","global","from","import","print","quick_print","unlocks","str","debug","trees_6","tree","tree_hat","watering_6","water","use_item","get_water","pumpkins_4","pumpkin","pumpkin_seed","dead_pumpkin","carrot_hat","append","remove","pop","insert","len","list","lists","fertilizer_4","weird_substance","pumpkin_hat","sunflower_seed","sunflower","power","get_active_power","measure","sunflowers","get_time","get_tick_count","timing","min","max","abs","random","utilities","dicts","sets","add","dict","set","dictionaries","get_cost","costs","unlock","auto_unlock","get_companion","polyculture","cactus_2","swap","cactus_seed","cactus_hat","dinosaurs_4","dinosaur","egg","bone","dinosaur_hat","apple","can_move"],"version":3}