{"items":{"serializeList":[]},"dockedFiles":[],"minimizedFiles":[],"openFilePositions":[{"key":"main","value":{"x":200.0,"y":-150.0}},{"key":"docs0","value":{"x":-1014.2498779296875,"y":406.750732421875}}],"openFileScrollPositions":[{"key":"main","value":0.0}],"openFileSizes":[{"key":"main","value":{"x":0.0,"y":0.0}},{"key":"docs0","value":{"x":900.0,"y":700.0}}],"openDocPages":[{"key":"docs0","value":"docs/getting_started.md"}],"unlocks":["grass","soil","harvest","pass","do_a_flip","pet_the_piggy","grassland","hay","straw_hat"],"version":3}