{"items":{"serializeList":[{"name":"hay","nr":15070.0},{"name":"wood","nr":60021.0},{"name":"carrot","nr":15813.0},{"name":"pumpkin","nr":18862.0},{"name":"water","nr":4184.0},{"name":"fertilizer","nr":1697.0}]},"dockedFiles":[{"key":"waterLoop","value":"HARDreset"},{"key":"simpleLoop","value":"modf"},{"key":"harvestAll","value":"simpleLoop"},{"key":"HARDreset","value":"simpleHarv"},{"key":"simpleHarv","value":"harvestAll"}],"minimizedFiles":["modf","waterLoop","simpleLoop","harvestAll","HARDreset","simpleHarv"],"openFilePositions":[{"key":"modf","value":{"x":1904.7481689453125,"y":1211.7103271484375}},{"key":"waterLoop","value":{"x":2000.0001220703125,"y":1762.563720703125}},{"key":"f0","value":{"x":353.411376953125,"y":832.5111083984375}},{"key":"simpleLoop","value":{"x":2000.0001220703125,"y":1762.563720703125}},{"key":"docs0","value":{"x":1891.0927734375,"y":870.0827026367188}},{"key":"harvestAll","value":{"x":2000.0001220703125,"y":1762.563720703125}},{"key":"HARDreset","value":{"x":2000.0001220703125,"y":1762.563720703125}},{"key":"simpleHarv","value":{"x":2000.0001220703125,"y":1762.563720703125}}],"openFileScrollPositions":[{"key":"modf","value":1081.20849609375},{"key":"waterLoop","value":0.0},{"key":"f0","value":0.0},{"key":"simpleLoop","value":0.0},{"key":"harvestAll","value":0.0},{"key":"HARDreset","value":0.0},{"key":"simpleHarv","value":0.0}],"openFileSizes":[{"key":"modf","value":{"x":0.0,"y":1213.23291015625}},{"key":"waterLoop","value":{"x":0.0,"y":0.0}},{"key":"f0","value":{"x":988.0715942382813,"y":982.3854370117188}},{"key":"simpleLoop","value":{"x":851.4497680664063,"y":392.8046875}},{"key":"docs0","value":{"x":900.0,"y":700.0}},{"key":"harvestAll","value":{"x":0.0,"y":0.0}},{"key":"HARDreset","value":{"x":0.0,"y":0.0}},{"key":"simpleHarv","value":{"x":0.0,"y":0.0}}],"openDocPages":[{"key":"docs0","value":"docs/unlocks/cactus.md"}],"unlocks":["grass_5","soil","harvest","pass","do_a_flip","pet_the_piggy","grassland","hay","straw_hat","traffic_cone","loops","while","true","false","break","continue","speed_5","can_harvest","if","else","elif","hats","change_hat","gray_hat","purple_hat","green_hat","brown_hat","expand_6","move","north","south","east","west","plant","wood","bush","entities","clear","operators","and","or","not","carrots_5","carrot","till","can_trade","trade","items","carrot_seed","for","range","get_world_size","senses","get_entity_type","get_ground_type","grounds","get_pos_x","get_pos_y","none","num_items","num_unlocked","variables","functions","def","return","global","import","from","debug","print","quick_print","unlocks","str","trees_5","tree","tree_hat","watering_5","water","use_item","get_water","pumpkins_3","pumpkin","pumpkin_seed","dead_pumpkin","carrot_hat","lists","append","remove","pop","insert","len","list","fertilizer_3","weird_substance","pumpkin_hat","sunflowers","sunflower_seed","sunflower","power","get_active_power","measure","timing","get_time","get_tick_count","utilities","min","max","abs","random","dictionaries","dicts","sets","add","dict","set","costs","get_cost","auto_unlock","unlock","polyculture","get_companion","cactus_2","swap","cactus_seed"],"version":3}